X,Y
14.44,1
14.44,1
14.44,1
14.44,1
14.44,1
14.44,1
18.94,1
18.94,1
18.94,1
18.94,1
18.94,1
18.94,1
18.94,1
20.44,1
20.44,1
20.44,1
20.44,1
20.44,1
20.44,1
20.44,1
20.44,1
20.44,1
20.44,1
20.44,1
20.44,1
20.44,1
20.44,1
20.44,1
20.44,1
20.44,1
20.44,1
20.44,1
20.44,1
20.44,1
20.44,1
20.44,1
20.44,1
20.44,1
20.44,1
20.44,1
20.44,1
20.44,1
20.44,1
20.44,1
20.44,1
20.44,1
20.44,1
20.44,1
20.44,1
20.44,1
20.44,1
20.44,1
20.44,1
20.44,1
20.44,1
20.44,1
20.44,1
20.44,1
20.44,1
20.44,1
20.44,1
20.44,1
21.44,1
21.44,1
21.44,1
21.44,1
21.44,1
21.44,1
21.44,1
21.44,1
22.03,1
22.34,1
22.34,1
22.34,1
23.05,1
23.05,1
23.05,1
24.44,1
24.55,1
24.55,1
24.55,1
25.02,2
25.02,2
25.02,2
25.02,2
25.02,2
25.02,2
25.02,2
25.02,2
25.02,2
25.02,2
25.02,2
25.02,2
25.02,2
25.02,2
25.02,2
25.02,2
25.02,2
25.02,2
25.02,2
25.02,2
25.02,2
25.02,2
25.02,2
25.02,2
25.02,2
25.02,2
25.02,2
25.02,2
25.02,2
25.02,2
25.02,2
25.02,2
25.02,2
25.02,2
25.02,2
25.02,2
25.02,2
25.02,2
25.02,2
25.02,2
25.02,2
25.12,2
25.12,2
25.12,2
25.12,2
25.12,2
25.12,2
25.12,2
25.12,2
25.12,2
25.12,2
25.12,2
25.12,2
25.12,2
25.12,2
25.2,2
25.2,2
25.2,2
25.2,2
25.2,2
25.2,2
25.2,2
25.2,2
25.2,2
25.2,2
25.2,2
25.2,2
25.2,2
25.2,2
25.2,2
25.2,2
25.2,2
25.2,2
25.2,2
25.2,2
25.2,2
25.2,2
25.2,2
25.2,2
25.2,2
25.2,2
25.2,2
25.2,2
25.2,2
25.2,2
25.2,2
25.2,2
25.2,2
25.2,2
25.2,2
25.2,2
25.2,2
25.2,2
25.2,2
25.2,2
25.2,2
25.2,2
25.2,2
25.2,2
25.2,2
25.2,2
25.2,2
25.2,2
25.2,2
25.2,2
25.2,2
25.2,2
25.2,2
25.2,2
25.2,2
25.2,2
25.2,2
25.2,2
25.2,2
25.2,2
25.2,2
25.2,2
25.2,2
25.2,2
25.2,2
25.2,2
25.2,2
25.2,2
25.2,2
25.2,2
25.2,2
25.2,2
25.2,2
25.2,2
25.2,2
25.2,2
25.2,2
25.2,2
25.2,2
25.2,2
25.28,2
25.28,2
25.28,2
25.28,2
25.28,2
25.28,2
25.28,2
25.28,2
25.28,2
25.28,2
25.28,2
25.28,2
25.28,2
25.28,2
25.28,2
25.28,2
25.28,2
25.28,2
25.28,2
25.28,2
25.28,2
25.28,2
25.28,2
25.28,2
25.28,2
25.28,2
25.28,2
25.28,2
25.28,2
25.28,2
25.28,2
25.28,2
25.28,2
25.28,2
25.28,2
25.28,2
25.28,2
25.28,2
25.28,2
25.28,2
25.28,2
25.28,2
25.28,2
25.28,2
25.28,2
25.28,2
25.28,2
25.28,2
25.28,2
25.28,2
25.28,2
25.28,2
25.28,2
25.28,2
25.28,2
25.28,2
25.28,2
25.28,2
25.28,2
25.28,2
25.28,2
25.28,2
25.28,2
25.28,2
25.28,2
25.28,2
25.28,2
25.28,2
25.28,2
25.28,2
25.28,2
25.28,2
25.28,2
25.28,2
25.28,2
25.28,2
25.28,2
25.28,2
25.28,2
25.28,2
25.28,2
25.28,2
25.28,2
25.28,2
25.28,2
25.28,2
25.28,2
25.28,2
25.28,2
25.28,2
25.28,2
25.28,2
25.28,2
25.28,2
25.28,2
25.28,2
25.28,2
25.28,2
25.28,2
25.28,2
25.28,2
25.28,2
25.28,2
25.28,2
25.28,2
25.28,2
25.23,2
25.23,2
25.23,2
25.23,2
25.23,2
25.23,2
25.23,2
25.23,2
25.23,2
25.23,2
25.23,2
25.23,2
25.23,2
25.23,2
25.23,2
25.23,2
25.23,2
25.23,2
25.46,2
25.46,2
25.46,2
25.46,2
25.46,2
25.46,2
25.46,2
25.46,2
25.46,2
25.46,2
25.46,2
25.46,2
25.46,2
25.46,2
25.46,2
25.46,2
25.46,2
25.46,2
25.47,2
25.47,2
25.47,2
25.47,2
25.47,2
25.47,2
25.47,2
25.47,2
25.47,2
25.51,2
25.65,2
25.65,2
25.65,2
25.65,2
25.65,2
25.65,2
25.65,2
25.65,2
25.65,2
25.65,2
25.65,2
25.65,2
25.65,2
25.65,2
25.65,2
25.65,2
25.65,2
25.65,2
25.65,2
25.65,2
25.65,2
25.65,2
25.65,2
25.65,2
25.65,2
25.65,2
25.65,2
25.65,2
25.65,2
25.65,2
25.65,2
25.65,2
25.65,2
25.65,2
25.65,2
25.65,2
25.65,2
25.65,2
25.65,2
25.65,2
25.65,2
25.65,2
25.65,2
25.65,2
25.65,2
25.65,2
25.65,2
25.65,2
25.65,2
25.65,2
25.65,2
25.65,2
25.65,2
25.65,2
25.87,2
25.87,2
25.87,2
25.87,2
25.87,2
25.87,2
25.87,2
25.87,2
25.87,2
25.87,2
25.87,2
25.87,2
25.87,2
25.87,2
25.87,2
25.87,2
25.87,2
25.87,2
25.87,2
25.87,2
25.87,2
25.87,2
25.87,2
25.87,2
25.87,2
25.87,2
25.87,2
25.87,2
25.87,2
25.87,2
25.87,2
25.87,2
25.87,2
25.87,2
25.87,2
25.87,2
25.87,2
25.87,2
25.87,2
25.87,2
25.87,2
25.87,2
25.87,2
25.87,2
25.87,2
25.87,2
25.87,2
25.87,2
25.87,2
25.87,2
25.87,2
25.87,2
25.87,2
25.87,2
25.87,2
25.87,2
25.87,2
25.87,2
25.87,2
25.87,2
25.87,2
25.87,2
25.87,2
25.87,2
25.87,2
25.87,2
25.87,2
25.87,2
25.87,2
25.87,2
25.87,2
25.87,2
25.87,2
25.87,2
25.87,2
25.87,2
25.87,2
25.87,2
25.87,2
25.87,2
25.87,2
25.87,2
25.87,2
25.87,2
25.87,2
25.87,2
25.87,2
25.87,2
25.87,2
25.87,2
25.87,2
25.87,2
25.87,2
25.87,2
25.87,2
25.87,2
25.87,2
25.87,2
25.87,2
25.87,2
25.87,2
25.87,2
25.87,2
25.87,2
25.87,2
25.87,2
25.87,2
25.87,2
25.87,2
25.87,2
26.41,2
26.41,2
26.41,2
26.41,2
26.41,2
26.41,2
26.41,2
26.41,2
26.41,2
26.41,2
26.41,2
26.41,2
26.41,2
26.41,2
26.41,2
26.41,2
26.41,2
26.41,2
26.41,2
26.41,2
26.41,2
26.41,2
26.41,2
26.41,2
26.41,2
26.41,2
26.41,2
26.41,2
26.41,2
26.41,2
26.41,2
26.41,2
26.41,2
26.41,2
26.41,2
26.41,2
26.41,2
26.41,2
26.41,2
26.41,2
26.41,2
26.41,2
26.41,2
26.41,2
26.41,2
26.41,2
26.41,2
26.41,2
26.41,2
26.41,2
26.41,2
26.41,2
26.41,2
26.41,2
26.41,2
26.41,2
26.41,2
26.41,2
26.41,2
26.41,2
26.41,2
26.41,2
26.66,2
26.66,2
26.66,2
26.66,2
26.91,2
29.24,2
29.44,2
29.44,2
29.44,2
29.44,2
29.44,2
29.44,2
29.44,2
29.44,2
29.91,2
29.91,2
30.23,2
30.23,2
30.23,2
30.23,2
30.23,2
30.23,2
30.23,2
30.53,2
30.53,2
30.53,2
30.52,2
31.02,2
31.02,2
31.02,2
31.02,2
31.02,2
31.02,2
31.02,2
31.02,2
31.02,2
31.02,2
31.02,2
31.02,2
31.02,2
31.02,2
31.02,2
31.02,2
31.02,2
31.02,2
31.02,2
31.02,2
31.02,2
31.02,2
31.02,2
31.02,2
31.02,2
31.02,2
31.02,2
31.02,2
31.02,2
31.02,2
31.02,2
31.02,2
31.02,2
31.02,2
31.02,2
31.02,2
31.02,2
31.02,2
31.02,2
31.02,2
31.02,2
31.02,2
31.02,2
31.02,2
31.02,2
31.02,2
31.02,2
31.02,2
31.02,2
31.02,2
31.02,2
31.02,2
31.02,2
31.02,2
31.02,2
31.02,2
31.02,2
31.02,2
31.02,2
31.02,2
31.02,2
31.02,2
31.02,2
31.02,2
31.02,2
31.02,2
31.02,2
31.02,2
31.02,2
31.1,2
31.1,2
31.1,2
31.1,2
31.1,2
31.1,2
32.19,2
32.19,2
32.19,2
32.19,2
32.19,2
32.19,2
32.19,2
32.19,2
32.19,2
32.19,2
32.19,2
32.19,2
32.19,2
32.19,2
32.19,2
32.19,2
32.19,2
32.19,2
32.19,2
32.19,2
32.19,2
32.19,2
32.19,2
32.21,2
32.21,2
32.21,2
32.21,2
32.52,2
32.52,2
32.52,2
32.52,2
32.52,2
32.52,2
32.52,2
32.52,2
32.52,2
32.52,2
32.52,2
32.52,2
32.52,2
32.52,2
32.52,2
32.52,2
32.52,2
32.52,2
32.52,2
32.52,2
32.52,2
32.52,2
32.52,2
32.52,2
32.52,2
32.52,2
32.52,2
32.52,2
32.52,2
32.52,2
32.52,2
32.52,2
32.52,2
32.52,2
32.52,2
32.52,2
32.54,2
32.54,2
32.54,2
32.54,2
32.54,2
32.54,2
32.54,2
32.54,2
32.54,2
32.54,2
32.54,2
32.54,2
32.54,2
32.54,2
32.54,2
32.54,2
32.54,2
32.54,2
32.54,2
32.54,2
32.54,2
32.54,2
32.54,2
32.54,2
32.54,2
32.54,2
32.54,2
32.54,2
32.54,2
32.54,2
32.54,2
32.54,2
32.54,2
32.54,2
32.54,2
32.54,2
32.54,2
32.54,2
32.54,2
32.54,2
32.54,2
32.54,2
32.54,2
32.54,2
32.54,2
32.54,2
32.54,2
32.54,2
32.54,2
32.54,2
32.54,2
32.54,2
32.54,2
32.54,2
32.54,2
32.54,2
32.54,2
32.54,2
32.54,2
32.54,2
32.54,2
32.54,2
32.54,2
32.54,2
32.54,2
32.54,2
32.54,2
32.54,2
32.54,2
32.54,2
32.54,2
32.54,2
33.15,3
33.15,3
33.15,3
33.15,3
33.15,3
33.25,3
33.25,3
33.25,3
33.49,3
33.49,3
33.49,3
33.5,3
33.5,3
33.5,3
33.5,3
33.5,3
33.5,3
33.5,3
33.5,3
33.56,3
33.56,3
33.56,3
33.56,3
33.59,3
33.59,3
33.59,3
33.59,3
33.59,3
33.59,3
33.59,3
33.59,3
33.59,3
33.59,3
33.59,3
33.59,3
33.59,3
33.59,3
33.59,3
33.59,3
33.59,3
33.59,3
33.59,3
33.65,3
33.65,3
33.65,3
33.65,3
33.65,3
33.65,3
33.65,3
33.65,3
33.65,3
33.65,3
33.65,3
33.65,3
33.65,3
33.65,3
33.65,3
33.65,3
33.65,3
33.65,3
33.65,3
33.65,3
33.65,3
33.65,3
33.65,3
33.65,3
33.65,3
33.65,3
33.65,3
33.65,3
33.65,3
33.65,3
33.9,3
33.95,3
33.95,3
33.95,3
33.95,3
33.95,3
33.95,3
33.95,3
33.95,3
33.95,3
33.95,3
33.95,3
33.95,3
33.95,3
33.95,3
33.95,3
33.95,3
33.95,3
33.95,3
33.95,3
33.95,3
33.95,3
33.95,3
33.95,3
33.95,3
33.95,3
33.95,3
33.95,3
33.95,3
33.95,3
33.95,3
33.95,3
33.95,3
33.95,3
33.95,3
33.95,3
33.95,3
33.95,3
33.95,3
33.95,3
33.95,3
33.95,3
33.95,3
33.95,3
33.95,3
33.95,3
33.95,3
33.95,3
33.95,3
33.95,3
33.95,3
33.95,3
33.95,3
33.95,3
33.95,3
33.95,3
33.95,3
33.95,3
33.95,3
33.97,3
33.97,3
33.97,3
33.97,3
33.97,3
33.97,3
33.97,3
33.97,3
33.97,3
33.97,3
33.97,3
33.97,3
33.97,3
33.97,3
33.97,3
33.97,3
33.97,3
33.97,3
33.97,3
34.04,3
34.04,3
34.04,3
34.04,3
34.04,3
34.04,3
34.04,3
34.04,3
34.04,3
34.04,3
34.04,3
34.04,3
34.04,3
34.04,3
34.04,3
34.04,3
34.04,3
34.04,3
34.04,3
34.04,3
34.04,3
34.04,3
34.04,3
34.04,3
34.04,3
34.04,3
34.04,3
34.04,3
34.12,3
34.12,3
34.12,3
34.12,3
34.12,3
34.12,3
34.12,3
34.12,3
34.12,3
34.12,3
34.12,3
34.12,3
34.12,3
34.12,3
34.12,3
34.12,3
34.18,3
34.18,3
34.18,3
34.18,3
34.18,3
34.18,3
34.18,3
34.18,3
34.18,3
34.25,3
34.25,3
34.25,3
34.25,3
34.25,3
34.25,3
34.25,3
34.25,3
34.25,3
34.25,3
34.25,3
34.25,3
34.25,3
34.25,3
34.25,3
34.25,3
34.25,3
34.25,3
34.25,3
34.25,3
34.25,3
34.25,3
34.25,3
34.25,3
34.25,3
34.25,3
34.25,3
34.25,3
34.25,3
34.25,3
34.25,3
34.25,3
34.25,3
34.25,3
34.25,3
34.25,3
34.25,3
34.25,3
34.25,3
34.25,3
34.25,3
34.25,3
34.25,3
34.25,3
34.25,3
34.25,3
34.25,3
34.25,3
34.25,3
34.25,3
34.25,3
34.25,3
34.25,3
34.25,3
34.25,3
34.25,3
34.25,3
34.25,3
34.25,3
34.25,3
34.25,3
34.25,3
34.25,3
34.25,3
34.25,3
34.25,3
34.25,3
34.25,3
34.25,3
34.25,3
34.25,3
34.25,3
34.65,3
34.65,3
34.65,3
34.65,3
34.65,3
34.65,3
34.65,3
34.65,3
34.65,3
34.65,3
34.65,3
34.65,3
34.65,3
34.65,3
34.65,3
34.65,3
34.65,3
34.65,3
34.65,3
34.65,3
34.65,3
34.65,3
34.65,3
34.65,3
34.65,3
34.65,3
34.65,3
34.65,3
34.65,3
34.65,3
34.65,3
34.65,3
34.65,3
34.65,3
34.65,3
34.65,3
34.65,3
34.65,3
34.65,3
34.65,3
34.65,3
34.65,3
34.65,3
34.65,3
34.65,3
34.65,3
34.65,3
34.65,3
34.65,3
34.65,3
34.65,3
34.65,3
34.65,3
34.65,3
34.65,3
34.65,3
34.65,3
34.65,3
34.65,3
34.65,3
34.65,3
34.65,3
34.65,3
34.65,3
34.65,3
34.65,3
34.65,3
34.65,3
34.65,3
34.65,3
34.65,3
34.65,3
34.65,3
34.65,3
34.65,3
34.65,3
34.65,3
34.65,3
35.12,3
35.12,3
35.12,3
35.12,3
35.12,3
35.12,3
35.12,3
35.12,3
35.12,3
35.12,3
35.12,3
35.12,3
35.12,3
35.12,3
35.12,3
35.12,3
35.12,3
35.12,3
35.18,3
35.18,3
35.18,3
35.18,3
35.18,3
35.18,3
35.18,3
35.18,3
35.18,3
35.18,3
35.18,3
35.18,3
35.18,3
35.18,3
35.18,3
35.18,3
35.18,3
35.18,3
35.18,3
35.18,3
35.18,3
35.18,3
35.18,3
35.18,3
35.18,3
35.18,3
35.18,3
35.18,3
35.18,3
35.18,3
35.18,3
35.18,3
35.18,3
35.18,3
35.18,3
35.18,3
35.18,3
35.18,3
35.18,3
35.18,3
35.18,3
35.18,3
35.18,3
35.18,3
35.18,3
35.18,3
35.18,3
35.18,3
35.18,3
35.18,3
35.18,3
35.18,3
35.18,3
35.18,3
35.18,3
35.18,3
35.18,3
35.18,3
35.18,3
35.18,3
35.18,3
35.18,3
35.18,3
35.18,3
35.18,3
35.18,3
35.18,3
35.18,3
35.18,3
35.18,3
35.18,3
35.18,3
35.18,3
35.18,3
35.18,3
35.18,3
35.18,3
35.18,3
35.18,3
35.18,3
35.18,3
35.18,3
35.18,3
35.18,3
35.18,3
35.18,3
35.18,3
35.18,3
35.18,3
35.18,3
35.18,3
35.18,3
35.18,3
35.18,3
35.18,3
35.18,3
35.18,3
35.18,3
35.18,3
35.18,3
35.18,3
35.18,3
35.18,3
35.18,3
35.18,3
35.18,3
35.18,3
35.18,3
35.18,3
35.18,3
35.18,3
35.18,3
35.18,3
35.18,3
35.18,3
35.18,3
35.18,3
35.18,3
35.18,3
35.18,3
35.18,3
35.18,3
35.18,3
35.18,3
35.18,3
35.18,3
35.18,3
35.18,3
35.18,3
35.18,3
35.18,3
35.18,3
35.18,3
35.18,3
35.18,3
35.18,3
35.18,3
35.18,3
35.3,3
35.3,3
35.3,3
35.3,3
35.3,3
35.3,3
35.3,3
35.3,3
35.3,3
35.3,3
35.3,3
35.3,3
35.3,3
35.3,3
35.3,3
35.3,3
35.3,3
35.3,3
35.3,3
35.3,3
35.3,3
35.3,3
35.3,3
35.3,3
35.3,3
35.3,3
35.3,3
35.3,3
35.3,3
35.3,3
35.3,3
35.3,3
35.3,3
35.3,3
35.3,3
35.3,3
35.3,3
35.3,3
35.3,3
35.3,3
35.3,3
35.3,3
35.3,3
35.3,3
35.3,3
35.3,3
35.3,3
35.3,3
35.3,3
35.3,3
35.3,3
35.3,3
35.3,3
35.3,3
35.3,3
35.3,3
35.3,3
35.3,3
35.3,3
35.3,3
35.3,3
35.3,3
35.3,3
35.3,3
35.3,3
35.3,3
35.3,3
35.3,3
35.3,3
35.3,3
35.3,3
35.3,3
35.3,3
35.3,3
35.3,3
35.3,3
35.3,3
35.3,3
35.3,3
35.3,3
35.3,3
35.3,3
35.3,3
35.3,3
35.3,3
35.3,3
35.3,3
35.3,3
35.3,3
35.3,3
35.3,3
35.3,3
35.3,3
35.3,3
35.3,3
35.47,3
35.47,3
35.47,3
35.47,3
35.47,3
35.47,3
35.47,3
35.47,3
35.47,3
35.47,3
35.47,3
35.47,3
35.47,3
35.47,3
35.47,3
35.47,3
35.47,3
35.47,3
35.47,3
35.47,3
35.47,3
35.47,3
35.47,3
35.47,3
35.47,3
35.47,3
35.47,3
35.47,3
35.65,3
35.65,3
35.65,3
35.65,3
35.65,3
35.65,3
35.65,3
35.65,3
35.65,3
35.65,3
35.65,3
35.65,3
35.65,3
35.65,3
35.65,3
35.65,3
35.65,3
35.65,3
35.65,3
35.65,3
35.65,3
35.65,3
35.65,3
35.65,3
35.65,3
35.65,3
35.65,3
35.65,3
35.65,3
35.65,3
35.65,3
35.65,3
35.65,3
35.65,3
35.65,3
35.65,3
35.65,3
35.65,3
35.65,3
35.65,3
35.65,3
35.65,3
35.65,3
35.65,3
35.65,3
35.65,3
35.65,3
35.65,3
35.65,3
35.65,3
35.65,3
35.65,3
35.65,3
35.65,3
35.65,3
35.65,3
35.65,3
35.65,3
35.65,3
35.65,3
35.65,3
35.65,3
35.65,3
35.65,3
35.65,3
35.65,3
35.65,3
35.65,3
35.65,3
35.65,3
35.65,3
35.65,3
35.65,3
35.65,3
35.65,3
35.65,3
35.65,3
35.65,3
35.65,3
35.65,3
35.65,3
35.65,3
35.65,3
35.65,3
35.65,3
35.65,3
35.65,3
35.65,3
35.65,3
35.65,3
35.65,3
35.65,3
35.65,3
35.65,3
35.65,3
35.65,3
35.65,3
35.65,3
35.65,3
35.65,3
35.65,3
35.65,3
35.65,3
35.65,3
35.65,3
35.65,3
35.65,3
35.65,3
35.65,3
35.65,3
35.65,3
35.65,3
35.65,3
35.65,3
35.65,3
35.65,3
35.65,3
35.65,3
35.65,3
35.65,3
35.65,3
35.65,3
35.65,3
35.65,3
35.65,3
35.65,3
35.65,3
35.65,3
35.65,3
35.65,3
35.65,3
35.65,3
35.65,3
35.65,3
35.65,3
35.65,3
35.65,3
35.65,3
35.65,3
35.65,3
35.65,3
35.65,3
35.65,3
35.65,3
35.65,3
35.65,3
35.65,3
35.65,3
35.65,3
35.65,3
35.65,3
35.65,3
35.65,3
35.65,3
35.65,3
35.65,3
35.65,3
35.65,3
35.65,3
35.65,3
35.65,3
35.65,3
35.65,3
35.65,3
35.65,3
35.65,3
35.65,3
35.65,3
35.65,3
35.65,3
35.65,3
35.65,3
35.65,3
35.65,3
35.65,3
35.65,3
35.65,3
35.65,3
35.65,3
35.65,3
35.65,3
35.65,3
35.65,3
35.65,3
35.65,3
35.65,3
35.65,3
35.65,3
35.65,3
35.65,3
35.65,3
35.65,3
35.65,3
35.65,3
35.65,3
35.65,3
35.65,3
35.85,3
35.85,3
35.85,3
35.85,3
35.85,3
35.85,3
35.85,3
35.85,3
35.85,3
35.85,3
35.85,3
35.85,3
35.85,3
36.4,3
37.15,3
37.85,3
37.85,3
37.85,3
37.85,3
37.85,3
37.85,3
37.85,3
37.85,3
37.85,3
37.85,3
37.85,3
37.85,3
37.85,3
37.85,3
37.85,3
37.85,3
37.85,3
37.85,3
37.85,3
37.85,3
37.85,3
37.85,3
37.85,3
37.85,3
37.85,3
37.85,3
37.85,3
37.85,3
37.85,3
37.85,3
37.85,3
37.85,3
37.85,3
37.85,3
37.85,3
37.85,3
37.85,3
37.85,3
37.85,3
37.85,3
37.85,3
37.85,3
37.85,3
37.85,3
37.85,3
37.85,3
37.85,3
37.85,3
37.85,3
37.85,3
37.85,3
37.85,3
37.85,3
37.85,3
37.85,3
37.85,3
37.85,3
37.85,3
37.85,3
37.85,3
37.85,3
37.85,3
37.85,3
37.85,3
37.85,3
37.85,3
37.85,3
37.85,3
37.85,3
37.85,3
37.85,3
37.85,3
37.85,3
37.85,3
37.85,3
37.85,3
37.85,3
37.85,3
37.85,3
37.85,3
37.85,3
37.85,3
37.85,3
37.85,3
37.85,3
37.85,3
37.85,3
37.85,3
37.85,3
37.85,3
37.85,3
37.85,3
37.85,3
37.85,3
37.85,3
37.85,3
37.85,3
37.85,3
37.85,3
37.85,3
37.85,3
37.85,3
37.85,3
37.85,3
37.85,3
37.85,3
37.85,3
37.85,3
37.85,3
37.85,3
37.85,3
37.85,3
37.85,3
37.85,3
37.85,3
37.85,3
37.85,3
37.85,3
37.85,3
37.85,3
37.85,3
37.85,3
37.85,3
37.85,3
37.85,3
37.85,3
37.85,3
37.85,3
37.85,3
37.85,3
37.85,3
37.85,3
37.85,3
37.85,3
37.85,3
37.85,3
37.85,3
37.85,3
37.85,3
37.96,3
37.96,3
37.96,3
37.96,3
37.96,3
37.96,3
37.96,3
37.96,3
37.96,3
37.96,3
37.96,3
37.96,3
37.96,3
37.96,3
37.96,3
37.96,3
37.96,3
37.96,3
37.96,3
37.96,3
37.96,3
37.96,3
37.96,3
37.96,3
38.18,3
38.94,3
39.23,3
39.23,3
39.23,3
39.23,3
39.23,3
39.23,3
39.23,3
40.37,3
40.37,3
40.37,3
40.37,3
40.37,3
40.37,3
40.37,3
40.37,3
40.37,3
40.37,3
40.37,3
40.37,3
40.37,3
40.37,3
40.37,3
40.37,3
41.24,3
41.24,3
41.24,3
41.24,3
41.24,3
41.24,3
43.12,3
43.12,3
43.12,3
43.12,3
43.12,3
43.12,3
43.12,3
43.37,3
43.37,3
43.37,3
45.47,3
45.47,3
45.57,3
48.27,3
48.27,3
48.27,3
48.27,3
48.27,3
48.27,3
48.27,3
48.27,3
48.27,3
48.27,3
48.27,3
48.27,3
48.27,3
48.27,3
48.27,3
48.27,3
48.27,3
50.5,3
50.5,3
50.5,3
50.5,3
51.65,3
51.65,3
51.65,3
51.65,3
51.65,3
51.65,3
51.65,3
51.65,3
52.12,3
52.12,3
52.12,3
52.52,3
52.52,3
52.52,3
52.52,3
53.15,4
53.15,4
53.15,4
53.15,4
53.15,4
53.15,4
53.15,4
53.15,4
53.2,4
53.2,4
53.2,4
53.2,4
53.2,4
53.2,4
53.2,4
53.2,4
53.2,4
53.2,4
53.2,4
53.2,4
53.2,4
53.2,4
53.2,4
53.2,4
53.2,4
53.2,4
53.77,4
53.77,4
53.77,4
53.77,4
53.77,4
53.77,4
53.77,4
53.77,4
54.5,4
54.5,4
54.5,4
54.5,4
54.5,4
54.5,4
54.5,4
54.5,4
54.5,4
54.5,4
54.5,4
54.89,4
54.89,4
54.89,4
54.89,4
54.89,4
54.89,4
54.89,4
55.55,4
55.55,4
55.55,4
55.55,4
55.55,4
55.55,4
55.59,4
55.59,4
55.59,4
55.59,4
55.59,4
56.77,4
56.77,4
56.77,4
56.77,4
56.77,4
56.77,4
56.77,4
56.77,4
56.77,4
56.77,4
56.77,4
56.77,4
56.77,4
56.77,4
56.77,4
56.77,4
56.77,4
56.77,4
56.77,4
56.77,4
56.77,4
56.77,4
56.77,4
56.77,4
56.77,4
56.77,4
56.77,4
56.77,4
56.77,4
56.77,4
56.77,4
56.77,4
56.77,4
56.77,4
56.77,4
56.77,4
56.77,4
56.77,4
56.77,4
56.77,4
56.77,4
56.77,4
56.77,4
56.77,4
56.77,4
56.77,4
56.77,4
56.77,4
56.77,4
56.77,4
56.77,4
56.77,4
56.77,4
56.77,4
56.77,4
56.77,4
56.77,4
56.77,4
56.77,4
56.77,4
56.77,4
56.77,4
56.77,4
56.77,4
56.77,4
56.77,4
56.77,4
56.77,4
56.77,4
56.77,4
56.77,4
56.77,4
56.77,4
56.77,4
56.77,4
56.77,4
56.77,4
56.77,4
56.77,4
56.77,4
56.77,4
56.77,4
56.77,4
56.77,4
56.77,4
56.77,4
56.77,4
56.77,4
56.77,4
56.77,4
56.77,4
56.77,4
56.77,4
56.77,4
56.77,4
56.77,4
56.77,4
56.77,4
56.77,4
56.77,4
56.77,4
56.77,4
56.77,4
56.77,4
56.77,4
56.77,4
56.77,4
56.77,4
56.77,4
56.77,4
56.77,4
56.77,4
56.77,4
56.77,4
56.77,4
56.77,4
56.77,4
56.77,4
56.77,4
56.77,4
56.77,4
56.77,4
56.77,4
56.77,4
56.77,4
56.77,4
56.77,4
56.77,4
56.77,4
56.77,4
56.77,4
56.77,4
56.77,4
56.77,4
56.77,4
56.77,4
56.77,4
56.77,4
56.77,4
56.77,4
56.77,4
56.77,4
56.77,4
56.77,4
56.77,4
56.77,4
56.77,4
56.77,4
56.77,4
56.77,4
56.77,4
56.77,4
56.77,4
56.77,4
56.77,4
56.77,4
56.77,4
56.77,4
56.77,4
56.77,4
56.77,4
56.77,4
56.77,4
56.77,4
56.77,4
56.77,4
56.77,4
56.77,4
56.77,4
56.77,4
56.77,4
56.77,4
56.77,4
56.77,4
56.77,4
56.77,4
56.77,4
56.77,4
56.77,4
56.77,4
56.77,4
56.77,4
56.77,4
56.77,4
56.77,4
56.77,4
56.77,4
56.77,4
56.77,4
56.77,4
56.77,4
56.77,4
56.77,4
56.77,4
56.77,4
56.77,4
56.77,4
56.77,4
56.77,4
56.77,4
56.77,4
56.77,4
56.77,4
56.77,4
56.77,4
56.77,4
56.77,4
56.77,4
56.77,4
56.77,4
56.77,4
56.77,4
56.77,4
56.77,4
57.48,4
57.48,4
57.48,4
57.48,4
57.48,4
57.48,4
57.48,4
57.48,4
57.48,4
57.48,4
57.48,4
57.48,4
57.48,4
57.48,4
57.48,4
57.48,4
57.48,4
57.48,4
57.48,4
57.48,4
57.48,4
57.48,4
57.48,4
57.48,4
57.48,4
57.48,4
57.48,4
57.48,4
57.48,4
57.48,4
57.48,4
57.48,4
61.22,4
61.22,4
61.22,4
61.22,4
62.23,4
62.23,4
62.23,4
62.23,4
62.23,4
62.23,4
62.23,4
62.23,4
62.23,4
62.23,4
62.23,4
62.23,4
62.23,4
62.23,4
62.23,4
62.23,4
62.23,4
62.23,4
62.23,4
62.23,4
62.23,4
62.23,4
62.23,4
62.23,4
62.23,4
62.23,4
62.23,4
62.23,4
62.23,4
62.23,4
62.23,4
62.23,4
62.23,4
62.23,4
62.23,4
62.23,4
62.23,4
62.23,4
62.23,4
62.23,4
62.23,4
62.23,4
62.23,4
62.23,4
62.23,4
62.23,4
62.23,4
62.23,4
62.23,4
62.23,4
62.23,4
62.23,4
62.23,4
62.23,4
62.23,4
62.23,4
62.23,4
62.23,4
62.23,4
62.23,4
62.23,4
62.23,4
62.23,4
62.23,4
62.23,4
62.23,4
62.23,4
62.23,4
62.23,4
62.23,4
62.23,4
62.23,4
62.23,4
62.23,4
62.23,4
62.23,4
62.23,4
62.23,4
62.23,4
62.23,4
62.23,4
62.23,4
62.23,4
62.23,4
62.23,4
62.23,4
62.23,4
62.23,4
62.31,4
62.31,4
62.31,4
62.31,4
62.31,4
65.1,4
65.1,4
65.1,4
65.1,4
65.1,4
65.1,4
65.1,4
65.1,4
65.1,4
65.1,4
65.1,4
65.1,4
65.1,4
65.1,4
65.1,4
65.1,4
65.1,4
65.1,4
65.1,4
65.1,4
65.1,4
65.1,4
65.1,4
65.1,4
65.1,4
65.1,4
65.1,4
65.1,4
65.1,4
65.1,4
65.1,4
65.1,4
65.1,4
65.1,4
65.1,4
65.1,4
65.1,4
65.1,4
65.1,4
65.1,4
65.1,4
65.1,4
65.1,4
65.1,4
65.1,4
65.1,4
65.1,4
65.1,4
65.34,4
65.34,4
65.34,4
65.34,4
65.34,4
65.34,4
65.34,4
65.34,4
65.34,4
65.34,4
65.34,4
65.34,4
65.34,4
65.34,4
65.34,4
65.34,4
65.34,4
65.34,4
65.34,4
65.34,4
65.34,4
65.34,4
65.34,4
65.34,4
65.34,4
65.34,4
65.34,4
65.34,4
65.34,4
65.34,4
65.34,4
65.34,4
65.34,4
65.34,4
65.34,4
65.34,4
65.34,4
65.34,4
65.34,4
65.34,4
65.34,4
65.34,4
65.34,4
65.34,4
65.34,4
65.34,4
65.34,4
65.34,4
65.34,4
65.34,4
65.34,4
65.34,4
65.34,4
65.34,4
65.34,4
65.34,4
65.34,4
65.34,4
65.34,4
65.34,4
65.34,4
65.43,4
66.02,4
66.02,4
66.02,4
66.02,4
66.02,4
66.02,4
66.02,4
66.02,4
66.02,4
66.02,4
66.02,4
66.02,4
66.02,4
66.02,4
66.02,4
66.02,4
66.02,4
66.02,4
66.02,4
66.02,4
66.02,4
66.02,4
66.02,4
66.02,4
66.02,4
66.02,4
66.02,4
66.02,4
66.02,4
66.02,4
66.04,4
66.04,4
66.04,4
66.04,4
66.04,4
66.04,4
66.04,4
66.04,4
66.04,4
66.04,4
66.04,4
66.04,4
66.04,4
66.04,4
66.04,4
66.04,4
66.04,4
66.04,4
66.04,4
66.04,4
66.04,4
66.04,4
66.04,4
66.04,4
66.04,4
66.04,4
66.04,4
66.04,4
66.04,4
66.04,4
66.04,4
66.04,4
66.04,4
66.04,4
66.04,4
66.04,4
66.04,4
66.04,4
66.04,4
66.04,4
66.04,4
66.04,4
66.04,4
66.04,4
66.04,4
66.04,4
66.04,4
66.04,4
66.04,4
66.04,4
66.04,4
66.04,4
66.04,4
66.04,4
66.04,4
66.04,4
66.04,4
66.04,4
66.04,4
66.04,4
66.04,4
66.04,4
66.04,4
66.04,4
66.04,4
66.04,4
66.04,4
66.04,4
66.04,4
66.04,4
66.04,4
66.04,4
66.04,4
66.04,4
66.04,4
66.04,4
66.04,4
66.04,4
66.04,4
66.04,4
66.04,4
66.04,4
66.04,4
66.04,4
66.04,4
66.04,4
66.04,4
66.04,4
66.04,4
66.04,4
66.04,4
66.04,4
66.04,4
66.04,4
66.04,4
66.04,4
66.04,4
66.04,4
66.04,4
66.04,4
66.04,4
66.04,4
66.04,4
66.04,4
66.04,4
66.04,4
66.04,4
66.04,4
66.04,4
66.04,4
66.04,4
66.04,4
66.04,4
66.04,4
66.04,4
66.04,4
66.04,4
66.04,4
66.04,4
66.04,4
66.04,4
66.04,4
66.04,4
66.04,4
66.04,4
66.04,4
66.04,4
66.04,4
66.09,4
66.09,4
66.09,4
66.09,4
66.09,4
66.09,4
66.09,4
66.09,4
66.09,4
66.09,4
66.09,4
66.09,4
66.09,4
66.09,4
66.09,4
66.09,4
66.09,4
66.09,4
66.09,4
66.09,4
66.09,4
66.09,4
66.09,4
66.09,4
66.09,4
66.09,4
66.09,4
66.09,4
66.09,4
66.09,4
66.09,4
66.09,4
66.09,4
66.09,4
66.09,4
66.09,4
66.09,4
66.09,4
66.12,4
66.12,4
66.12,4
66.12,4
66.12,4
66.12,4
66.12,4
66.12,4
66.12,4
66.12,4
66.12,4
66.12,4
66.12,4
66.12,4
66.12,4
66.12,4
66.12,4
66.12,4
66.12,4
66.12,4
66.12,4
66.12,4
66.12,4
66.12,4
66.12,4
66.12,4
66.12,4
66.12,4
66.12,4
66.12,4
66.12,4
66.12,4
66.12,4
66.12,4
66.12,4
66.12,4
66.12,4
66.12,4
66.12,4
66.12,4
66.12,4
66.12,4
66.12,4
66.12,4
66.12,4
66.12,4
66.12,4
66.12,4
66.12,4
66.12,4
66.12,4
66.12,4
66.12,4
66.12,4
66.12,4
66.12,4
66.12,4
66.12,4
66.12,4
66.12,4
66.12,4
66.12,4
66.12,4
66.12,4
66.12,4
66.12,4
66.12,4
66.24,4
66.24,4
66.24,4
66.24,4
66.24,4
66.24,4
66.24,4
66.24,4
66.24,4
66.24,4
66.24,4
66.24,4
66.24,4
66.24,4
66.24,4
66.24,4
66.24,4
66.24,4
66.24,4
66.24,4
66.24,4
66.24,4
66.24,4
66.24,4
66.24,4
66.24,4
66.24,4
66.24,4
66.24,4
66.24,4
66.24,4
66.24,4
66.24,4
66.24,4
66.24,4
66.24,4
66.24,4
66.53,4
66.53,4
66.16,4
66.16,4
66.16,4
66.16,4
66.16,4
66.16,4
66.16,4
66.16,4
66.16,4
66.16,4
66.16,4
66.16,4
66.16,4
66.16,4
66.16,4
66.16,4
66.16,4
66.16,4
66.16,4
66.16,4
66.16,4
66.16,4
66.16,4
66.16,4
66.16,4
66.16,4
66.16,4
66.16,4
66.16,4
66.16,4
66.16,4
66.16,4
66.16,4
67.18,5
67.18,5
67.18,5
67.18,5
67.18,5
67.18,5
67.18,5
67.18,5
67.18,5
67.18,5
67.18,5
67.18,5
67.18,5
67.18,5
67.18,5
67.18,5
67.18,5
67.85,5
67.85,5
67.85,5
67.85,5
67.85,5
67.85,5
67.85,5
67.85,5
67.85,5
67.85,5
67.85,5
67.85,5
67.85,5
67.85,5
67.85,5
67.85,5
67.85,5
67.85,5
67.85,5
67.85,5
67.85,5
67.89,5
67.9,5
68.42,5
68.42,5
68.42,5
68.42,5
68.42,5
68.42,5
68.42,5
68.42,5
68.42,5
68.42,5
68.42,5
68.42,5
68.42,5
68.42,5
68.42,5
68.42,5
68.42,5
68.42,5
68.42,5
68.42,5
68.42,5
68.42,5
68.42,5
68.42,5
68.42,5
68.42,5
68.42,5
68.42,5
68.42,5
68.42,5
68.42,5
68.42,5
68.42,5
68.42,5
68.42,5
68.42,5
68.42,5
68.42,5
68.42,5
68.42,5
68.42,5
68.42,5
68.42,5
68.42,5
68.42,5
68.42,5
68.42,5
68.42,5
68.42,5
68.42,5
68.42,5
68.42,5
68.42,5
68.42,5
68.42,5
68.42,5
68.42,5
68.42,5
68.42,5
68.42,5
68.42,5
68.42,5
68.42,5
68.42,5
68.42,5
68.42,5
68.42,5
68.42,5
68.42,5
68.42,5
68.42,5
68.42,5
68.42,5
68.42,5
68.42,5
68.42,5
68.42,5
68.42,5
68.42,5
68.42,5
68.42,5
68.42,5
68.42,5
68.42,5
68.42,5
68.42,5
68.42,5
68.42,5
68.42,5
68.42,5
68.42,5
68.42,5
68.42,5
68.42,5
68.42,5
68.42,5
68.42,5
68.42,5
68.42,5
68.42,5
68.42,5
68.42,5
68.42,5
68.42,5
68.42,5
68.42,5
68.42,5
68.42,5
68.42,5
68.42,5
68.42,5
68.42,5
68.42,5
68.42,5
68.57,5
68.57,5
68.57,5
68.57,5
68.57,5
68.57,5
68.57,5
68.57,5
68.57,5
68.57,5
68.57,5
68.57,5
68.57,5
68.57,5
68.57,5
68.57,5
68.57,5
68.57,5
68.57,5
68.57,5
68.57,5
68.57,5
68.57,5
68.57,5
68.57,5
68.57,5
68.57,5
68.57,5
68.57,5
68.57,5
68.57,5
68.57,5
68.72,5
68.72,5
68.72,5
68.72,5
68.72,5
68.72,5
68.72,5
68.72,5
68.72,5
68.72,5
68.72,5
68.72,5
68.72,5
68.72,5
68.72,5
68.72,5
68.72,5
68.72,5
68.72,5
68.72,5
68.72,5
68.72,5
68.72,5
68.72,5
68.72,5
68.72,5
68.72,5
68.72,5
68.72,5
68.72,5
68.72,5
68.72,5
68.72,5
68.72,5
68.72,5
68.72,5
68.72,5
68.72,5
68.72,5
68.72,5
68.72,5
68.72,5
68.72,5
68.72,5
68.72,5
68.72,5
68.72,5
68.72,5
68.72,5
68.72,5
68.72,5
68.72,5
68.72,5
68.72,5
68.72,5
68.72,5
68.72,5
68.72,5
68.72,5
68.72,5
68.72,5
68.72,5
68.72,5
68.72,5
68.8,5
68.84,5
68.85,5
68.85,5
68.85,5
68.85,5
68.85,5
68.85,5
68.85,5
68.85,5
68.85,5
68.85,5
68.85,5
68.85,5
68.85,5
68.85,5
68.85,5
68.85,5
68.85,5
68.85,5
68.85,5
68.85,5
68.85,5
68.85,5
68.85,5
68.85,5
68.85,5
68.85,5
68.85,5
68.85,5
68.85,5
68.85,5
68.85,5
68.85,5
68.85,5
68.85,5
68.85,5
68.85,5
68.85,5
68.85,5
68.85,5
68.85,5
68.85,5
68.85,5
68.85,5
68.85,5
68.85,5
68.85,5
68.85,5
68.85,5
68.85,5
68.85,5
68.85,5
68.85,5
68.85,5
68.85,5
68.85,5
68.85,5
68.85,5
68.85,5
68.85,5
68.85,5
68.85,5
68.85,5
68.85,5
68.85,5
68.85,5
68.85,5
68.85,5
68.85,5
68.85,5
68.85,5
68.85,5
68.85,5
68.85,5
68.85,5
68.85,5
68.85,5
68.85,5
68.85,5
68.85,5
68.85,5
68.85,5
68.85,5
68.85,5
68.85,5
68.85,5
68.85,5
68.85,5
68.85,5
68.85,5
68.85,5
68.85,5
68.85,5
68.85,5
68.85,5
68.85,5
68.85,5
68.85,5
68.85,5
68.85,5
68.85,5
68.85,5
68.85,5
68.85,5
68.85,5
68.85,5
68.85,5
68.85,5
68.85,5
68.85,5
68.85,5
68.85,5
68.85,5
68.85,5
68.85,5
68.85,5
68.85,5
68.85,5
68.85,5
68.85,5
68.85,5
68.85,5
68.85,5
68.85,5
68.85,5
68.85,5
68.85,5
68.85,5
68.85,5
68.85,5
68.85,5
68.85,5
68.85,5
68.85,5
68.85,5
68.85,5
68.85,5
68.85,5
68.85,5
68.85,5
68.85,5
68.85,5
68.85,5
68.85,5
68.85,5
68.85,5
68.85,5
68.85,5
68.85,5
68.85,5
68.85,5
68.85,5
68.85,5
68.85,5
68.92,5
68.92,5
68.92,5
68.92,5
68.92,5
68.92,5
68.99,5
68.99,5
68.99,5
68.99,5
68.99,5
68.99,5
68.99,5
68.99,5
68.99,5
68.99,5
68.99,5
68.99,5
68.99,5
68.99,5
68.99,5
68.99,5
68.99,5
68.99,5
68.99,5
68.99,5
68.99,5
68.99,5
68.99,5
68.99,5
68.99,5
68.99,5
68.99,5
68.99,5
68.99,5
68.99,5
68.99,5
68.99,5
68.99,5
69.2,5
69.2,5
69.2,5
69.21,5
69.21,5
69.21,5
69.21,5
69.21,5
69.21,5
69.21,5
69.21,5
69.21,5
69.21,5
69.21,5
69.21,5
69.21,5
69.21,5
69.21,5
69.21,5
69.21,5
69.21,5
69.21,5
69.21,5
69.21,5
69.21,5
69.21,5
69.21,5
69.21,5
69.21,5
69.21,5
69.21,5
69.21,5
69.21,5
69.21,5
69.21,5
69.21,5
69.21,5
69.21,5
69.21,5
69.21,5
69.21,5
69.21,5
69.21,5
69.21,5
69.21,5
69.21,5
69.21,5
69.21,5
69.21,5
69.21,5
69.21,5
69.21,5
69.21,5
69.21,5
69.21,5
69.21,5
69.21,5
69.21,5
69.21,5
69.21,5
69.21,5
69.21,5
69.21,5
69.21,5
69.21,5
69.21,5
69.21,5
69.21,5
69.21,5
69.21,5
69.21,5
69.21,5
69.21,5
69.21,5
69.21,5
69.21,5
69.21,5
69.21,5
69.21,5
69.21,5
69.21,5
69.21,5
69.21,5
69.21,5
69.21,5
69.21,5
69.21,5
69.21,5
69.21,5
69.21,5
69.21,5
69.21,5
69.21,5
69.21,5
69.21,5
69.21,5
69.27,5
69.27,5
69.27,5
69.27,5
69.27,5
69.27,5
69.27,5
69.27,5
69.27,5
69.27,5
69.27,5
69.27,5
69.27,5
69.27,5
69.27,5
69.27,5
69.27,5
69.27,5
69.27,5
69.27,5
69.27,5
69.27,5
69.27,5
69.27,5
69.27,5
69.27,5
69.27,5
69.27,5
69.27,5
69.27,5
69.27,5
69.27,5
69.27,5
69.27,5
69.27,5
69.27,5
69.27,5
69.27,5
69.27,5
69.27,5
69.5,5
69.5,5
69.5,5
69.5,5
69.5,5
69.5,5
69.5,5
69.5,5
69.5,5
69.5,5
69.5,5
69.5,5
69.5,5
69.5,5
69.5,5
69.5,5
69.5,5
69.5,5
69.5,5
69.5,5
69.5,5
69.5,5
69.5,5
69.5,5
69.5,5
69.5,5
69.5,5
69.5,5
69.5,5
69.5,5
69.5,5
69.5,5
69.5,5
69.5,5
69.5,5
69.5,5
69.5,5
69.5,5
69.5,5
69.5,5
69.5,5
69.5,5
69.5,5
69.5,5
69.5,5
69.5,5
69.5,5
69.5,5
69.5,5
69.5,5
69.91,5
69.91,5
69.91,5
69.91,5
69.91,5
69.91,5
69.91,5
69.91,5
69.91,5
69.91,5
69.91,5
69.91,5
69.91,5
69.91,5
69.91,5
69.91,5
69.91,5
69.91,5
69.91,5
69.91,5
69.91,5
69.91,5
69.91,5
69.91,5
69.91,5
69.91,5
69.91,5
69.91,5
69.91,5
69.91,5
69.91,5
69.91,5
69.91,5
69.91,5
69.91,5
69.91,5
69.91,5
69.91,5
69.91,5
69.91,5
69.91,5
69.91,5
69.91,5
69.91,5
69.91,5
69.91,5
69.91,5
69.91,5
69.91,5
69.91,5
69.91,5
69.91,5
69.91,5
69.91,5
69.91,5
69.91,5
69.91,5
69.91,5
69.91,5
69.91,5
69.91,5
69.91,5
69.91,5
69.91,5
69.91,5
69.91,5
69.91,5
69.91,5
69.91,5
69.91,5
69.91,5
69.91,5
69.91,5
69.91,5
69.91,5
69.91,5
69.91,5
69.92,5
69.93,5
69.93,5
69.93,5
69.99,5
69.99,5
69.99,5
69.99,5
69.99,5
69.99,5
69.99,5
69.99,5
69.99,5
69.99,5
69.99,5
69.99,5
69.99,5
69.99,5
69.99,5
69.99,5
69.99,5
69.99,5
69.99,5
69.99,5
69.99,5
69.99,5
69.99,5
69.99,5
69.99,5
69.99,5
69.99,5
69.99,5
69.99,5
69.99,5
69.99,5
69.99,5
69.99,5
69.99,5
69.99,5
69.99,5
69.99,5
69.99,5
69.99,5
69.99,5
69.99,5
69.99,5
69.99,5
69.99,5
69.99,5
69.99,5
69.99,5
69.99,5
69.99,5
69.99,5
69.99,5
69.99,5
69.99,5
69.99,5
69.99,5
69.99,5
69.99,5
70.39,5
70.39,5
70.39,5
70.39,5
70.39,5
70.39,5
70.39,5
71.12,5
71.12,5
71.12,5
71.12,5
71.52,5
71.52,5
71.52,5
71.52,5
71.52,5
72.15,6
72.15,6
72.15,6
72.15,6
72.15,6
72.15,6
72.15,6
72.15,6
72.15,6
72.15,6
72.15,6
72.15,6
72.15,6
72.15,6
72.15,6
72.15,6
72.35,6
72.35,6
72.35,6
72.35,6
72.35,6
72.35,6
72.35,6
72.35,6
72.35,6
72.35,6
72.35,6
72.35,6
72.35,6
72.35,6
72.35,6
72.35,6
72.35,6
72.35,6
72.35,6
72.35,6
72.35,6
72.35,6
72.35,6
72.35,6
72.35,6
72.35,6
72.35,6
72.35,6
72.35,6
72.35,6
72.35,6
72.35,6
72.35,6
72.35,6
72.35,6
72.35,6
72.35,6
72.35,6
72.35,6
72.35,6
72.35,6
72.35,6
72.35,6
72.35,6
72.56,6
72.56,6
72.56,6
72.56,6
72.56,6
72.56,6
72.56,6
72.56,6
72.56,6
72.56,6
72.56,6
72.56,6
72.56,6
72.56,6
72.56,6
72.56,6
72.56,6
72.56,6
72.56,6
72.56,6
72.56,6
72.56,6
72.56,6
72.56,6
72.56,6
72.56,6
72.56,6
72.56,6
72.56,6
72.56,6
72.56,6
72.86,6
72.86,6
72.86,6
72.86,6
72.86,6
72.86,6
72.86,6
72.86,6
72.86,6
72.86,6
72.86,6
72.86,6
72.86,6
72.86,6
72.86,6
72.86,6
72.86,6
72.86,6
72.86,6
72.86,6
72.86,6
72.86,6
72.86,6
72.86,6
72.86,6
72.86,6
72.86,6
72.86,6
72.86,6
72.86,6
72.86,6
72.86,6
72.86,6
72.86,6
72.86,6
72.86,6
72.86,6
72.86,6
72.86,6
72.86,6
72.86,6
72.86,6
72.86,6
72.86,6
72.86,6
72.86,6
72.86,6
72.86,6
72.86,6
72.86,6
72.86,6
72.86,6
73.27,6
73.27,6
73.27,6
73.27,6
73.27,6
73.27,6
73.27,6
73.27,6
73.27,6
73.27,6
73.27,6
73.27,6
73.27,6
73.27,6
73.27,6
73.27,6
73.27,6
73.27,6
73.27,6
73.27,6
73.27,6
73.5,6
73.61,6
73.61,6
73.61,6
73.61,6
73.61,6
73.61,6
73.61,6
73.61,6
73.61,6
73.61,6
73.61,6
73.61,6
73.61,6
73.61,6
73.61,6
73.61,6
73.61,6
73.61,6
73.61,6
73.61,6
73.61,6
73.61,6
73.61,6
73.61,6
73.61,6
73.61,6
74.51,6
74.51,6
74.51,6
74.65,6
74.65,6
74.65,6
74.65,6
74.65,6
74.65,6
74.65,6
74.65,6
74.65,6
74.65,6
74.65,6
74.65,6
74.65,6
74.65,6
74.65,6
74.65,6
74.65,6
74.65,6
74.65,6
74.65,6
74.65,6
74.65,6
74.65,6
74.65,6
74.65,6
74.65,6
74.65,6
74.65,6
74.65,6
74.65,6
74.65,6
74.65,6
74.65,6
74.65,6
74.65,6
74.65,6
74.65,6
74.65,6
74.65,6
74.65,6
74.65,6
74.65,6
74.65,6
74.65,6
74.65,6
74.95,6
74.95,6
74.95,6
74.95,6
74.95,6
74.95,6
74.95,6
74.95,6
74.95,6
74.95,6
74.95,6
74.95,6
74.95,6
74.95,6
74.95,6
74.95,6
74.95,6
74.95,6
74.95,6
74.95,6
74.95,6
74.95,6
74.95,6
74.95,6
74.95,6
74.95,6
74.95,6
74.95,6
74.95,6
74.95,6
74.95,6
74.95,6
74.95,6
74.95,6
74.95,6
74.95,6
74.95,6
74.95,6
74.95,6
74.95,6
74.95,6
74.95,6
74.95,6
74.95,6
74.95,6
74.95,6
74.95,6
74.95,6
74.95,6
74.95,6
74.95,6
74.95,6
74.95,6
74.95,6
74.95,6
74.95,6
74.95,6
74.95,6
74.95,6
74.95,6
74.95,6
74.95,6
74.95,6
74.95,6
74.95,6
74.95,6
74.95,6
74.95,6
74.95,6
74.95,6
74.95,6
74.95,6
75.35,6
75.51,6
75.51,6
75.51,6
75.51,6
75.51,6
75.51,6
75.51,6
75.51,6
75.51,6
75.51,6
75.51,6
75.51,6
75.51,6
75.51,6
75.51,6
75.51,6
75.51,6
75.51,6
75.51,6
75.51,6
75.51,6
75.51,6
75.51,6
75.51,6
75.51,6
75.51,6
75.51,6
75.51,6
75.51,6
75.51,6
75.51,6
75.51,6
75.51,6
75.51,6
75.51,6
75.51,6
75.51,6
75.51,6
75.51,6
75.51,6
75.51,6
75.51,6
75.51,6
75.51,6
75.51,6
75.51,6
75.51,6
75.51,6
75.51,6
75.51,6
75.51,6
75.51,6
75.51,6
75.51,6
75.51,6
75.51,6
75.51,6
75.51,6
75.51,6
75.51,6
75.51,6
75.51,6
75.51,6
75.51,6
75.51,6
75.51,6
75.51,6
75.51,6
75.51,6
75.51,6
75.51,6
75.51,6
75.51,6
75.51,6
75.51,6
76.2,6
77.2,6
77.51,6
77.51,6
77.51,6
77.51,6
77.51,6
77.51,6
77.51,6
77.51,6
77.51,6
77.51,6
77.51,6
77.51,6
77.51,6
77.51,6
77.51,6
77.51,6
77.51,6
77.51,6
77.51,6
77.51,6
77.51,6
77.51,6
77.51,6
77.51,6
77.51,6
77.51,6
77.51,6
77.51,6
77.51,6
77.51,6
77.51,6
77.51,6
77.51,6
77.51,6
77.51,6
77.51,6
77.51,6
77.51,6
77.51,6
77.51,6
77.51,6
78.13,6
78.13,6
78.13,6
78.13,6
78.13,6
78.13,6
78.13,6
78.13,6
78.13,6
78.13,6
78.13,6
78.13,6
78.13,6
78.13,6
78.13,6
78.13,6
78.13,6
78.13,6
78.13,6
78.13,6
78.13,6
78.13,6
78.13,6
78.13,6
78.13,6
78.13,6
78.13,6
78.13,6
78.13,6
78.13,6
78.13,6
78.13,6
78.13,6
78.13,6
78.13,6
78.13,6
78.13,6
78.13,6
78.13,6
78.13,6
78.13,6
78.13,6
78.13,6
78.13,6
78.13,6
78.13,6
78.13,6
78.13,6
78.13,6
78.51,6
78.51,6
78.61,6
78.61,6
78.61,6
78.61,6
78.61,6
78.61,6
78.61,6
78.65,6
78.65,6
78.65,6
78.65,6
78.65,6
78.65,6
78.65,6
78.65,6
78.65,6
78.65,6
78.65,6
78.65,6
78.65,6
78.65,6
78.65,6
78.65,6